"date","obs_gdp_t","obs_π_t","obs_π_e_t","obs_r_t","obs_π_o_t","obs_π_I_t","obs_gdp_t1","obs_gdp_t2","obs_r_t1","obs_r_t2","obs_π_t1","obs_π_t2","obs_π_t3","obs_π_t4","obs_π_t5","obs_π_t6","obs_π_t7","obs_π_t8","obs_π_o_t1","obs_π_e_t1"
"1967-06-30",3.73797985321831,0.6636644635533262,NaN,NaN,NaN,NaN,3.738606226977151,3.7309298948044667,NaN,NaN,0.5531070233584234,NaN,NaN,NaN,NaN,NaN,NaN,NaN,NaN,NaN
"1967-09-30",3.747034821487969,0.8992910553234701,NaN,NaN,NaN,NaN,3.73797985321831,3.738606226977151,NaN,NaN,0.6636644635533262,0.5531070233584234,NaN,NaN,NaN,NaN,NaN,NaN,NaN,NaN
"1967-12-31",3.756030079479433,0.9978908225558136,NaN,NaN,NaN,NaN,3.747034821487969,3.73797985321831,NaN,NaN,0.8992910553234701,0.6636644635533262,0.5531070233584234,NaN,NaN,NaN,NaN,NaN,NaN,NaN
"1968-03-31",3.7759087915725744,1.1222273103840497,NaN,NaN,NaN,NaN,3.756030079479433,3.747034821487969,NaN,NaN,0.9978908225558136,0.8992910553234701,0.6636644635533262,0.5531070233584234,NaN,NaN,NaN,NaN,NaN,NaN
"1968-06-30",3.7916681317428385,1.1523937054766176,NaN,NaN,NaN,NaN,3.7759087915725744,3.756030079479433,NaN,NaN,1.1222273103840497,0.9978908225558136,0.8992910553234701,0.6636644635533262,0.5531070233584234,NaN,NaN,NaN,NaN,NaN
"1968-09-30",3.7975005564101543,1.1111748587840697,NaN,NaN,NaN,NaN,3.7916681317428385,3.7759087915725744,NaN,NaN,1.1523937054766176,1.1222273103840497,0.9978908225558136,0.8992910553234701,0.6636644635533262,0.5531070233584234,NaN,NaN,NaN,NaN
"1968-12-31",3.8044281050724447,1.1591499104947722,NaN,NaN,NaN,NaN,3.7975005564101543,3.7916681317428385,NaN,NaN,1.1111748587840697,1.1523937054766176,1.1222273103840497,0.9978908225558136,0.8992910553234701,0.6636644635533262,0.5531070233584234,NaN,NaN,NaN
"1969-03-31",3.8191268280031023,1.104678452655783,NaN,NaN,NaN,NaN,3.8044281050724447,3.7975005564101543,NaN,NaN,1.1591499104947722,1.1111748587840697,1.1523937054766176,1.1222273103840497,0.9978908225558136,0.8992910553234701,0.6636644635533262,0.5531070233584234,NaN,NaN
"1969-06-30",3.8231060232028002,1.1966927021731522,NaN,NaN,NaN,NaN,3.8191268280031023,3.8044281050724447,NaN,NaN,1.104678452655783,1.1591499104947722,1.1111748587840697,1.1523937054766176,1.1222273103840497,0.9978908225558136,0.8992910553234701,0.6636644635533262,NaN,NaN
"1969-09-30",3.8317119974355114,1.1557183162913987,NaN,NaN,NaN,NaN,3.8231060232028002,3.8191268280031023,NaN,NaN,1.1966927021731522,1.104678452655783,1.1591499104947722,1.1111748587840697,1.1523937054766176,1.1222273103840497,0.9978908225558136,0.8992910553234701,NaN,NaN
"1969-12-31",3.828372382998368,1.1734511039449114,NaN,NaN,NaN,NaN,3.8317119974355114,3.8231060232028002,NaN,NaN,1.1557183162913987,1.1966927021731522,1.104678452655783,1.1591499104947722,1.1111748587840697,1.1523937054766176,1.1222273103840497,0.9978908225558136,NaN,NaN
"1970-03-31",3.829784907191174,1.0811866407623771,NaN,NaN,NaN,NaN,3.828372382998368,3.8317119974355114,NaN,NaN,1.1734511039449114,1.1557183162913987,1.1966927021731522,1.104678452655783,1.1591499104947722,1.1111748587840697,1.1523937054766176,1.1222273103840497,NaN,NaN
"1970-06-30",3.8341607586739923,1.1258296305893367,NaN,NaN,NaN,NaN,3.829784907191174,3.828372382998368,NaN,NaN,1.0811866407623771,1.1734511039449114,1.1557183162913987,1.1966927021731522,1.104678452655783,1.1591499104947722,1.1111748587840697,1.1523937054766176,NaN,NaN
"1970-09-30",3.840119048362972,1.1090209952667074,NaN,NaN,NaN,NaN,3.8341607586739923,3.829784907191174,NaN,NaN,1.1258296305893367,1.0811866407623771,1.1734511039449114,1.1557183162913987,1.1966927021731522,1.104678452655783,1.1591499104947722,1.1111748587840697,NaN,NaN
"1970-12-31",3.828947444233099,1.3923899445269505,NaN,NaN,NaN,NaN,3.840119048362972,3.8341607586739923,NaN,NaN,1.1090209952667074,1.1258296305893367,1.0811866407623771,1.1734511039449114,1.1557183162913987,1.1966927021731522,1.104678452655783,1.1591499104947722,NaN,NaN
"1971-03-31",3.8578817751842482,1.2609345375398817,NaN,NaN,NaN,NaN,3.828947444233099,3.840119048362972,NaN,NaN,1.3923899445269505,1.1090209952667074,1.1258296305893367,1.0811866407623771,1.1734511039449114,1.1557183162913987,1.1966927021731522,1.104678452655783,NaN,NaN
"1971-06-30",3.865346181162185,1.1341650611149223,NaN,NaN,NaN,NaN,3.8578817751842482,3.828947444233099,NaN,NaN,1.2609345375398817,1.3923899445269505,1.1090209952667074,1.1258296305893367,1.0811866407623771,1.1734511039449114,1.1557183162913987,1.1966927021731522,NaN,NaN
"1971-09-30",3.873790143095189,0.9422051596386538,NaN,NaN,NaN,NaN,3.865346181162185,3.8578817751842482,NaN,NaN,1.1341650611149223,1.2609345375398817,1.3923899445269505,1.1090209952667074,1.1258296305893367,1.0811866407623771,1.1734511039449114,1.1557183162913987,NaN,NaN
"1971-12-31",3.8793034523057,0.5691997803962234,NaN,NaN,NaN,NaN,3.873790143095189,3.865346181162185,NaN,NaN,0.9422051596386538,1.1341650611149223,1.2609345375398817,1.3923899445269505,1.1090209952667074,1.1258296305893367,1.0811866407623771,1.1734511039449114,NaN,NaN
"1972-03-31",3.902825683636231,0.9602655995510467,NaN,NaN,NaN,NaN,3.8793034523057,3.873790143095189,NaN,NaN,0.5691997803962234,0.9422051596386538,1.1341650611149223,1.2609345375398817,1.3923899445269505,1.1090209952667074,1.1258296305893367,1.0811866407623771,NaN,NaN
"1972-06-30",3.9250593465611763,0.6763136809790904,NaN,NaN,NaN,NaN,3.902825683636231,3.8793034523057,NaN,NaN,0.9602655995510467,0.5691997803962234,0.9422051596386538,1.1341650611149223,1.2609345375398817,1.3923899445269505,1.1090209952667074,1.1258296305893367,NaN,NaN
"1972-09-30",3.9360376132581014,0.7509720402685716,NaN,NaN,NaN,NaN,3.9250593465611763,3.902825683636231,NaN,NaN,0.6763136809790904,0.9602655995510467,0.5691997803962234,0.9422051596386538,1.1341650611149223,1.2609345375398817,1.3923899445269505,1.1090209952667074,NaN,NaN
"1972-12-31",3.9588612470097204,0.6274313738830806,NaN,NaN,NaN,NaN,3.9360376132581014,3.9250593465611763,NaN,NaN,0.7509720402685716,0.6763136809790904,0.9602655995510467,0.5691997803962234,0.9422051596386538,1.1341650611149223,1.2609345375398817,1.3923899445269505,NaN,NaN
"1973-03-31",3.987792607699549,0.6977684131943107,NaN,NaN,NaN,NaN,3.9588612470097204,3.9360376132581014,NaN,NaN,0.6274313738830806,0.7509720402685716,0.6763136809790904,0.9602655995510467,0.5691997803962234,0.9422051596386538,1.1341650611149223,1.2609345375398817,NaN,NaN
"1973-06-30",4.000587506626908,1.3579785001351041,NaN,NaN,NaN,NaN,3.987792607699549,3.9588612470097204,NaN,NaN,0.6977684131943107,0.6274313738830806,0.7509720402685716,0.6763136809790904,0.9602655995510467,0.5691997803962234,0.9422051596386538,1.1341650611149223,NaN,NaN
"1973-09-30",4.0007948905066275,1.3245733817399241,NaN,NaN,NaN,NaN,4.000587506626908,3.987792607699549,NaN,NaN,1.3579785001351041,0.6977684131943107,0.6274313738830806,0.7509720402685716,0.6763136809790904,0.9602655995510467,0.5691997803962234,0.9422051596386538,NaN,NaN
"1973-12-31",4.015987250252876,1.3823016383140097,NaN,NaN,NaN,NaN,4.0007948905066275,4.000587506626908,NaN,NaN,1.3245733817399241,1.3579785001351041,0.6977684131943107,0.6274313738830806,0.7509720402685716,0.6763136809790904,0.9602655995510467,0.5691997803962234,NaN,NaN
"1974-03-31",4.009446207555747,1.7032765811573203,NaN,NaN,NaN,NaN,4.015987250252876,4.0007948905066275,NaN,NaN,1.3823016383140097,1.3245733817399241,1.3579785001351041,0.6977684131943107,0.6274313738830806,0.7509720402685716,0.6763136809790904,0.9602655995510467,NaN,NaN
"1974-06-30",4.011016142026447,2.4513620262728075,NaN,NaN,NaN,NaN,4.009446207555747,4.015987250252876,NaN,NaN,1.7032765811573203,1.3823016383140097,1.3245733817399241,1.3579785001351041,0.6977684131943107,0.6274313738830806,0.7509720402685716,0.6763136809790904,NaN,NaN
"1974-09-30",4.001631166428497,2.8238839858983233,NaN,NaN,NaN,NaN,4.011016142026447,4.009446207555747,NaN,NaN,2.4513620262728075,1.7032765811573203,1.3823016383140097,1.3245733817399241,1.3579785001351041,0.6977684131943107,0.6274313738830806,0.7509720402685716,NaN,NaN
"1974-12-31",4.002488421051118,2.4156682200703106,NaN,NaN,NaN,NaN,4.001631166428497,4.011016142026447,NaN,NaN,2.8238839858983233,2.4513620262728075,1.7032765811573203,1.3823016383140097,1.3245733817399241,1.3579785001351041,0.6977684131943107,0.6274313738830806,NaN,NaN
"1975-03-31",3.993347715053534,1.9443037546036823,NaN,NaN,NaN,NaN,4.002488421051118,4.001631166428497,NaN,NaN,2.4156682200703106,2.8238839858983233,2.4513620262728075,1.7032765811573203,1.3823016383140097,1.3245733817399241,1.3579785001351041,0.6977684131943107,NaN,NaN
"1975-06-30",4.000627272971487,1.5187809595452961,NaN,NaN,NaN,NaN,3.993347715053534,4.002488421051118,NaN,NaN,1.9443037546036823,2.4156682200703106,2.8238839858983233,2.4513620262728075,1.7032765811573203,1.3823016383140097,1.3245733817399241,1.3579785001351041,NaN,NaN
"1975-09-30",4.019765734164501,1.4928093370591977,NaN,NaN,NaN,NaN,4.000627272971487,3.993347715053534,NaN,NaN,1.5187809595452961,1.9443037546036823,2.4156682200703106,2.8238839858983233,2.4513620262728075,1.7032765811573203,1.3823016383140097,1.3245733817399241,NaN,NaN
"1975-12-31",4.033564724156811,1.6148358191750312,NaN,NaN,NaN,NaN,4.019765734164501,4.000627272971487,NaN,NaN,1.4928093370591977,1.5187809595452961,1.9443037546036823,2.4156682200703106,2.8238839858983233,2.4513620262728075,1.7032765811573203,1.3823016383140097,NaN,NaN
"1976-03-31",4.051105540395739,1.5104685218496616,NaN,NaN,NaN,NaN,4.033564724156811,4.019765734164501,NaN,NaN,1.6148358191750312,1.4928093370591977,1.5187809595452961,1.9443037546036823,2.4156682200703106,2.8238839858983233,2.4513620262728075,1.7032765811573203,NaN,NaN
"1976-06-30",4.056811291294984,1.189670283080213,NaN,NaN,NaN,NaN,4.051105540395739,4.033564724156811,NaN,NaN,1.5104685218496616,1.6148358191750312,1.4928093370591977,1.5187809595452961,1.9443037546036823,2.4156682200703106,2.8238839858983233,2.4513620262728075,NaN,NaN
"1976-09-30",4.059241933662109,1.5502271357312303,NaN,NaN,NaN,NaN,4.056811291294984,4.051105540395739,NaN,NaN,1.189670283080213,1.5104685218496616,1.6148358191750312,1.4928093370591977,1.5187809595452961,1.9443037546036823,2.4156682200703106,2.8238839858983233,NaN,NaN
"1976-12-31",4.068786636555782,1.5476843277656194,NaN,NaN,NaN,NaN,4.059241933662109,4.056811291294984,NaN,NaN,1.5502271357312303,1.189670283080213,1.5104685218496616,1.6148358191750312,1.4928093370591977,1.5187809595452961,1.9443037546036823,2.4156682200703106,NaN,NaN
"1977-03-31",4.07979595226619,1.6517925451645432,NaN,NaN,NaN,NaN,4.068786636555782,4.059241933662109,NaN,NaN,1.5476843277656194,1.5502271357312303,1.189670283080213,1.5104685218496616,1.6148358191750312,1.4928093370591977,1.5187809595452961,1.9443037546036823,NaN,NaN
"1977-06-30",4.0980111146683615,1.519777138305134,NaN,NaN,NaN,NaN,4.07979595226619,4.068786636555782,NaN,NaN,1.6517925451645432,1.5476843277656194,1.5502271357312303,1.189670283080213,1.5104685218496616,1.6148358191750312,1.4928093370591977,1.5187809595452961,NaN,NaN
"1977-09-30",4.111202791237879,1.6552781804419325,NaN,NaN,NaN,NaN,4.0980111146683615,4.07979595226619,NaN,NaN,1.519777138305134,1.6517925451645432,1.5476843277656194,1.5502271357312303,1.189670283080213,1.5104685218496616,1.6148358191750312,1.4928093370591977,NaN,NaN
"1977-12-31",4.118226879314503,1.455629777420775,NaN,NaN,NaN,NaN,4.111202791237879,4.0980111146683615,NaN,NaN,1.6552781804419325,1.519777138305134,1.6517925451645432,1.5476843277656194,1.5502271357312303,1.189670283080213,1.5104685218496616,1.6148358191750312,NaN,NaN
"1978-03-31",4.120704249306776,1.5798827472788268,NaN,NaN,NaN,NaN,4.118226879314503,4.111202791237879,NaN,NaN,1.455629777420775,1.6552781804419325,1.519777138305134,1.6517925451645432,1.5476843277656194,1.5502271357312303,1.189670283080213,1.5104685218496616,NaN,NaN
"1978-06-30",4.159770235300657,1.7226788149744099,NaN,NaN,NaN,NaN,4.120704249306776,4.118226879314503,NaN,NaN,1.5798827472788268,1.455629777420775,1.6552781804419325,1.519777138305134,1.6517925451645432,1.5476843277656194,1.5502271357312303,1.189670283080213,NaN,NaN
"1978-09-30",4.16901384651378,1.7069806439705904,NaN,NaN,NaN,NaN,4.159770235300657,4.120704249306776,NaN,NaN,1.7226788149744099,1.5798827472788268,1.455629777420775,1.6552781804419325,1.519777138305134,1.6517925451645432,1.5476843277656194,1.5502271357312303,NaN,NaN
"1978-12-31",4.185358930282355,1.778988099096912,NaN,NaN,NaN,NaN,4.16901384651378,4.159770235300657,NaN,NaN,1.7069806439705904,1.7226788149744099,1.5798827472788268,1.455629777420775,1.6552781804419325,1.519777138305134,1.6517925451645432,1.5476843277656194,NaN,NaN
"1979-03-31",4.19157473856749,1.3490441920593899,NaN,NaN,NaN,NaN,4.185358930282355,4.16901384651378,NaN,NaN,1.778988099096912,1.7069806439705904,1.7226788149744099,1.5798827472788268,1.455629777420775,1.6552781804419325,1.519777138305134,1.6517925451645432,NaN,NaN
"1979-06-30",4.19502914906871,2.1627352878433204,NaN,NaN,NaN,NaN,4.19157473856749,4.185358930282355,NaN,NaN,1.3490441920593899,1.778988099096912,1.7069806439705904,1.7226788149744099,1.5798827472788268,1.455629777420775,1.6552781804419325,1.519777138305134,NaN,NaN
"1979-09-30",4.2050870201045765,1.823712559090085,NaN,NaN,NaN,NaN,4.19502914906871,4.19157473856749,NaN,NaN,2.1627352878433204,1.3490441920593899,1.778988099096912,1.7069806439705904,1.7226788149744099,1.5798827472788268,1.455629777420775,1.6552781804419325,NaN,NaN
"1979-12-31",4.206847134099597,2.0569598665333366,NaN,NaN,NaN,NaN,4.2050870201045765,4.19502914906871,NaN,NaN,1.823712559090085,2.1627352878433204,1.3490441920593899,1.778988099096912,1.7069806439705904,1.7226788149744099,1.5798827472788268,1.455629777420775,NaN,NaN
"1980-03-31",4.206606482557528,2.4051300235787387,NaN,NaN,NaN,NaN,4.206847134099597,4.2050870201045765,NaN,NaN,2.0569598665333366,1.823712559090085,2.1627352878433204,1.3490441920593899,1.778988099096912,1.7069806439705904,1.7226788149744099,1.5798827472788268,NaN,NaN
"1980-06-30",4.185742977270409,2.20785722652872,NaN,NaN,NaN,NaN,4.206606482557528,4.206847134099597,NaN,NaN,2.4051300235787387,2.0569598665333366,1.823712559090085,2.1627352878433204,1.3490441920593899,1.778988099096912,1.7069806439705904,1.7226788149744099,NaN,NaN
"1980-09-30",4.185034661821253,2.194623802324358,NaN,NaN,NaN,NaN,4.185742977270409,4.206606482557528,NaN,NaN,2.20785722652872,2.4051300235787387,2.0569598665333366,1.823712559090085,2.1627352878433204,1.3490441920593899,1.778988099096912,1.7069806439705904,NaN,NaN
"1980-12-31",4.206644079625814,2.4012228746947084,NaN,NaN,NaN,NaN,4.185034661821253,4.185742977270409,NaN,NaN,2.194623802324358,2.20785722652872,2.4051300235787387,2.0569598665333366,1.823712559090085,2.1627352878433204,1.3490441920593899,1.778988099096912,NaN,NaN
"1981-03-31",4.229850296362203,2.1958431009546864,NaN,NaN,NaN,NaN,4.206644079625814,4.185034661821253,NaN,NaN,2.4012228746947084,2.194623802324358,2.20785722652872,2.4051300235787387,2.0569598665333366,1.823712559090085,2.1627352878433204,1.3490441920593899,NaN,NaN
"1981-06-30",4.222538213663339,1.8583653510710896,NaN,NaN,NaN,NaN,4.229850296362203,4.206644079625814,NaN,NaN,2.1958431009546864,2.4012228746947084,2.194623802324358,2.20785722652872,2.4051300235787387,2.0569598665333366,1.823712559090085,2.1627352878433204,NaN,NaN
"1981-09-30",4.23361508850433,1.8138861024575181,NaN,NaN,NaN,NaN,4.222538213663339,4.229850296362203,NaN,NaN,1.8583653510710896,2.1958431009546864,2.4012228746947084,2.194623802324358,2.20785722652872,2.4051300235787387,2.0569598665333366,1.823712559090085,NaN,NaN
"1981-12-31",4.222925752628489,1.7504036718112292,NaN,NaN,NaN,NaN,4.23361508850433,4.222538213663339,NaN,NaN,1.8138861024575181,1.8583653510710896,2.1958431009546864,2.4012228746947084,2.194623802324358,2.20785722652872,2.4051300235787387,2.0569598665333366,NaN,NaN
"1982-03-31",4.205607571401481,1.435964430623482,NaN,NaN,NaN,NaN,4.222925752628489,4.23361508850433,NaN,NaN,1.7504036718112292,1.8138861024575181,1.8583653510710896,2.1958431009546864,2.4012228746947084,2.194623802324358,2.20785722652872,2.4051300235787387,NaN,NaN
"1982-06-30",4.209690830967635,1.332796890596999,NaN,NaN,NaN,NaN,4.205607571401481,4.222925752628489,NaN,NaN,1.435964430623482,1.7504036718112292,1.8138861024575181,1.8583653510710896,2.1958431009546864,2.4012228746947084,2.194623802324358,2.20785722652872,NaN,NaN
"1982-09-30",4.204518003649091,1.586204888590359,NaN,NaN,NaN,NaN,4.209690830967635,4.205607571401481,NaN,NaN,1.332796890596999,1.435964430623482,1.7504036718112292,1.8138861024575181,1.8583653510710896,2.1958431009546864,2.4012228746947084,2.194623802324358,NaN,NaN
"1982-12-31",4.202604596005602,1.3928489674890354,NaN,NaN,NaN,NaN,4.204518003649091,4.209690830967635,NaN,NaN,1.586204888590359,1.332796890596999,1.435964430623482,1.7504036718112292,1.8138861024575181,1.8583653510710896,2.1958431009546864,2.4012228746947084,NaN,NaN
"1983-03-31",4.2101319179585985,1.352425321533568,NaN,NaN,NaN,NaN,4.202604596005602,4.204518003649091,NaN,NaN,1.3928489674890354,1.586204888590359,1.332796890596999,1.435964430623482,1.7504036718112292,1.8138861024575181,1.8583653510710896,2.1958431009546864,NaN,NaN
"1983-06-30",4.231705237929688,0.7731873045754956,NaN,NaN,NaN,NaN,4.2101319179585985,4.202604596005602,NaN,NaN,1.352425321533568,1.3928489674890354,1.586204888590359,1.332796890596999,1.435964430623482,1.7504036718112292,1.8138861024575181,1.8583653510710896,NaN,NaN
"1983-09-30",4.246414695216386,1.5116422839974497,NaN,NaN,NaN,NaN,4.231705237929688,4.2101319179585985,NaN,NaN,0.7731873045754956,1.352425321533568,1.3928489674890354,1.586204888590359,1.332796890596999,1.435964430623482,1.7504036718112292,1.8138861024575181,NaN,NaN
"1983-12-31",4.266130939837173,0.8008409188553944,NaN,NaN,NaN,NaN,4.246414695216386,4.231705237929688,NaN,NaN,1.5116422839974497,0.7731873045754956,1.352425321533568,1.3928489674890354,1.586204888590359,1.332796890596999,1.435964430623482,1.7504036718112292,NaN,NaN
"1984-03-31",4.286419106840084,0.9990839319907519,NaN,NaN,NaN,NaN,4.266130939837173,4.246414695216386,NaN,NaN,0.8008409188553944,1.5116422839974497,0.7731873045754956,1.352425321533568,1.3928489674890354,1.586204888590359,1.332796890596999,1.435964430623482,NaN,NaN
"1984-06-30",4.300546508622312,1.1656715373487003,NaN,NaN,NaN,NaN,4.286419106840084,4.266130939837173,NaN,NaN,0.9990839319907519,0.8008409188553944,1.5116422839974497,0.7731873045754956,1.352425321533568,1.3928489674890354,1.586204888590359,1.332796890596999,NaN,NaN
"1984-09-30",4.309040507274924,0.9377725040962126,NaN,NaN,NaN,NaN,4.300546508622312,4.286419106840084,NaN,NaN,1.1656715373487003,0.9990839319907519,0.8008409188553944,1.5116422839974497,0.7731873045754956,1.352425321533568,1.3928489674890354,1.586204888590359,NaN,NaN
"1984-12-31",4.3165000783204395,0.7161211564171488,NaN,NaN,NaN,NaN,4.309040507274924,4.300546508622312,NaN,NaN,0.9377725040962126,1.1656715373487003,0.9990839319907519,0.8008409188553944,1.5116422839974497,0.7731873045754956,1.352425321533568,1.3928489674890354,NaN,NaN
"1985-03-31",4.324082858108569,1.3742838154306547,NaN,NaN,NaN,NaN,4.3165000783204395,4.309040507274924,NaN,NaN,0.7161211564171488,0.9377725040962126,1.1656715373487003,0.9990839319907519,0.8008409188553944,1.5116422839974497,0.7731873045754956,1.352425321533568,NaN,NaN
"1985-06-30",4.330366162277563,0.9010987607723564,NaN,NaN,NaN,NaN,4.324082858108569,4.3165000783204395,NaN,NaN,1.3742838154306547,0.7161211564171488,0.9377725040962126,1.1656715373487003,0.9990839319907519,0.8008409188553944,1.5116422839974497,0.7731873045754956,NaN,NaN
"1985-09-30",4.341228305841202,1.0364607496250677,NaN,NaN,NaN,NaN,4.330366162277563,4.324082858108569,NaN,NaN,0.9010987607723564,1.3742838154306547,0.7161211564171488,0.9377725040962126,1.1656715373487003,0.9990839319907519,0.8008409188553944,1.5116422839974497,NaN,NaN
"1985-12-31",4.347451322616191,0.7000951602114114,NaN,NaN,NaN,NaN,4.341228305841202,4.330366162277563,NaN,NaN,1.0364607496250677,0.9010987607723564,1.3742838154306547,0.7161211564171488,0.9377725040962126,1.1656715373487003,0.9990839319907519,0.8008409188553944,NaN,NaN
"1986-03-31",4.350738596440179,1.0805317868331166,NaN,NaN,NaN,NaN,4.347451322616191,4.341228305841202,NaN,NaN,0.7000951602114114,1.0364607496250677,0.9010987607723564,1.3742838154306547,0.7161211564171488,0.9377725040962126,1.1656715373487003,0.9990839319907519,NaN,NaN
"1986-06-30",4.352709983416363,0.6604976014999764,NaN,NaN,NaN,NaN,4.350738596440179,4.347451322616191,NaN,NaN,1.0805317868331166,0.7000951602114114,1.0364607496250677,0.9010987607723564,1.3742838154306547,0.7161211564171488,0.9377725040962126,1.1656715373487003,NaN,NaN
"1986-09-30",4.36013620179091,0.661246534261295,NaN,NaN,NaN,NaN,4.352709983416363,4.350738596440179,NaN,NaN,0.6604976014999764,1.0805317868331166,0.7000951602114114,1.0364607496250677,0.9010987607723564,1.3742838154306547,0.7161211564171488,0.9377725040962126,NaN,NaN
"1986-12-31",4.362893587344221,0.7965076957094475,NaN,NaN,NaN,NaN,4.36013620179091,4.352709983416363,NaN,NaN,0.661246534261295,0.6604976014999764,1.0805317868331166,0.7000951602114114,1.0364607496250677,0.9010987607723564,1.3742838154306547,0.7161211564171488,NaN,NaN
"1987-03-31",4.370881674121397,0.6216455873407689,NaN,NaN,NaN,NaN,4.362893587344221,4.36013620179091,NaN,NaN,0.7965076957094475,0.661246534261295,0.6604976014999764,1.0805317868331166,0.7000951602114114,1.0364607496250677,0.9010987607723564,1.3742838154306547,NaN,NaN
"1987-06-30",4.379238861780455,0.9492768889459491,NaN,NaN,NaN,NaN,4.370881674121397,4.362893587344221,NaN,NaN,0.6216455873407689,0.7965076957094475,0.661246534261295,0.6604976014999764,1.0805317868331166,0.7000951602114114,1.0364607496250677,0.9010987607723564,NaN,NaN
"1987-09-30",4.3866777773096395,0.881324222961144,NaN,NaN,NaN,NaN,4.379238861780455,4.370881674121397,NaN,NaN,0.9492768889459491,0.6216455873407689,0.7965076957094475,0.661246534261295,0.6604976014999764,1.0805317868331166,0.7000951602114114,1.0364607496250677,NaN,NaN
"1987-12-31",4.401044812528692,1.0263361774345725,NaN,NaN,NaN,NaN,4.3866777773096395,4.379238861780455,NaN,NaN,0.881324222961144,0.9492768889459491,0.6216455873407689,0.7965076957094475,0.661246534261295,0.6604976014999764,1.0805317868331166,0.7000951602114114,NaN,NaN
"1988-03-31",4.4050210867651245,0.9451789850948522,NaN,NaN,NaN,NaN,4.401044812528692,4.3866777773096395,NaN,NaN,1.0263361774345725,0.881324222961144,0.9492768889459491,0.6216455873407689,0.7965076957094475,0.661246534261295,0.6604976014999764,1.0805317868331166,NaN,NaN
"1988-06-30",4.415711686906352,1.205199761137088,NaN,NaN,NaN,NaN,4.4050210867651245,4.401044812528692,NaN,NaN,0.9451789850948522,1.0263361774345725,0.881324222961144,0.9492768889459491,0.6216455873407689,0.7965076957094475,0.661246534261295,0.6604976014999764,NaN,NaN
"1988-09-30",4.421732794441911,1.145306938913837,NaN,NaN,NaN,NaN,4.415711686906352,4.4050210867651245,NaN,NaN,1.205199761137088,0.9451789850948522,1.0263361774345725,0.881324222961144,0.9492768889459491,0.6216455873407689,0.7965076957094475,0.661246534261295,NaN,NaN
"1988-12-31",4.431886707921778,1.0981654182033118,NaN,NaN,NaN,NaN,4.421732794441911,4.415711686906352,NaN,NaN,1.145306938913837,1.205199761137088,0.9451789850948522,1.0263361774345725,0.881324222961144,0.9492768889459491,0.6216455873407689,0.7965076957094475,NaN,NaN
"1989-03-31",4.44234736230104,1.050884369810401,NaN,NaN,NaN,NaN,4.431886707921778,4.421732794441911,NaN,NaN,1.0981654182033118,1.145306938913837,1.205199761137088,0.9451789850948522,1.0263361774345725,0.881324222961144,0.9492768889459491,0.6216455873407689,NaN,NaN
"1989-06-30",4.451578054761464,0.887697524709985,NaN,NaN,NaN,NaN,4.44234736230104,4.431886707921778,NaN,NaN,1.050884369810401,1.0981654182033118,1.145306938913837,1.205199761137088,0.9451789850948522,1.0263361774345725,0.881324222961144,0.9492768889459491,NaN,NaN
"1989-09-30",4.459070598219895,0.7181441183609749,NaN,NaN,NaN,NaN,4.451578054761464,4.44234736230104,NaN,NaN,0.887697524709985,1.050884369810401,1.0981654182033118,1.145306938913837,1.205199761137088,0.9451789850948522,1.0263361774345725,0.881324222961144,NaN,NaN
"1989-12-31",4.459077904400735,0.9021077585332549,NaN,NaN,NaN,NaN,4.459070598219895,4.451578054761464,NaN,NaN,0.7181441183609749,0.887697524709985,1.050884369810401,1.0981654182033118,1.145306938913837,1.205199761137088,0.9451789850948522,1.0263361774345725,NaN,NaN
"1990-03-31",4.469745682511257,1.1196455419171691,NaN,NaN,NaN,NaN,4.459077904400735,4.459070598219895,NaN,NaN,0.9021077585332549,0.7181441183609749,0.887697524709985,1.050884369810401,1.0981654182033118,1.145306938913837,1.205199761137088,0.9451789850948522,NaN,NaN
"1990-06-30",4.472888590722057,1.0999167271359411,NaN,NaN,NaN,NaN,4.469745682511257,4.459077904400735,NaN,NaN,1.1196455419171691,0.9021077585332549,0.7181441183609749,0.887697524709985,1.050884369810401,1.0981654182033118,1.145306938913837,1.205199761137088,NaN,NaN
"1990-09-30",4.472126100070569,0.9892691860969194,NaN,NaN,NaN,NaN,4.472888590722057,4.469745682511257,NaN,NaN,1.0999167271359411,1.1196455419171691,0.9021077585332549,0.7181441183609749,0.887697524709985,1.050884369810401,1.0981654182033118,1.145306938913837,NaN,NaN
"1990-12-31",4.462841088719235,0.8256204676227341,NaN,NaN,NaN,NaN,4.472126100070569,4.472888590722057,NaN,NaN,0.9892691860969194,1.0999167271359411,1.1196455419171691,0.9021077585332549,0.7181441183609749,0.887697524709985,1.050884369810401,1.0981654182033118,NaN,NaN
"1991-03-31",4.459613745010112,0.8459923414764425,NaN,NaN,NaN,NaN,4.462841088719235,4.472126100070569,NaN,NaN,0.8256204676227341,0.9892691860969194,1.0999167271359411,1.1196455419171691,0.9021077585332549,0.7181441183609749,0.887697524709985,1.050884369810401,NaN,NaN
"1991-06-30",4.4666460691073135,0.751070387008923,NaN,NaN,NaN,NaN,4.459613745010112,4.462841088719235,NaN,NaN,0.8459923414764425,0.8256204676227341,0.9892691860969194,1.0999167271359411,1.1196455419171691,0.9021077585332549,0.7181441183609749,0.887697524709985,NaN,NaN
"1991-09-30",4.469831280851503,0.891653763034661,NaN,NaN,NaN,NaN,4.4666460691073135,4.459613745010112,NaN,NaN,0.751070387008923,0.8459923414764425,0.8256204676227341,0.9892691860969194,1.0999167271359411,1.1196455419171691,0.9021077585332549,0.7181441183609749,NaN,NaN
"1991-12-31",4.471839871021035,0.7737280195869722,NaN,NaN,NaN,NaN,4.469831280851503,4.4666460691073135,NaN,NaN,0.891653763034661,0.751070387008923,0.8459923414764425,0.8256204676227341,0.9892691860969194,1.0999167271359411,1.1196455419171691,0.9021077585332549,NaN,NaN
"1992-03-31",4.480390620041872,0.7484223025216785,NaN,NaN,NaN,NaN,4.471839871021035,4.469831280851503,NaN,NaN,0.7737280195869722,0.891653763034661,0.751070387008923,0.8459923414764425,0.8256204676227341,0.9892691860969194,1.0999167271359411,1.1196455419171691,NaN,NaN
"1992-06-30",4.490697392725361,0.7016605276732868,NaN,NaN,NaN,NaN,4.480390620041872,4.471839871021035,NaN,NaN,0.7484223025216785,0.7737280195869722,0.891653763034661,0.751070387008923,0.8459923414764425,0.8256204676227341,0.9892691860969194,1.0999167271359411,NaN,NaN
"1992-09-30",4.499199517181114,0.5903115926442659,NaN,NaN,NaN,NaN,4.490697392725361,4.480390620041872,NaN,NaN,0.7016605276732868,0.7484223025216785,0.7737280195869722,0.891653763034661,0.751070387008923,0.8459923414764425,0.8256204676227341,0.9892691860969194,NaN,NaN
"1992-12-31",4.508552387355469,0.7374283407442839,NaN,NaN,NaN,NaN,4.499199517181114,4.490697392725361,NaN,NaN,0.5903115926442659,0.7016605276732868,0.7484223025216785,0.7737280195869722,0.891653763034661,0.751070387008923,0.8459923414764425,0.8256204676227341,NaN,NaN
"1993-03-31",4.509229733691265,0.6849203050555808,NaN,NaN,NaN,NaN,4.508552387355469,4.499199517181114,NaN,NaN,0.7374283407442839,0.5903115926442659,0.7016605276732868,0.7484223025216785,0.7737280195869722,0.891653763034661,0.751070387008923,0.8459923414764425,NaN,NaN
"1993-06-30",4.513615438364111,0.7604599385218513,NaN,NaN,NaN,NaN,4.509229733691265,4.508552387355469,NaN,NaN,0.6849203050555808,0.7374283407442839,0.5903115926442659,0.7016605276732868,0.7484223025216785,0.7737280195869722,0.891653763034661,0.751070387008923,NaN,NaN
"1993-09-30",4.518896554874254,0.5582698851228862,NaN,NaN,NaN,NaN,4.513615438364111,4.509229733691265,NaN,NaN,0.7604599385218513,0.6849203050555808,0.7374283407442839,0.5903115926442659,0.7016605276732868,0.7484223025216785,0.7737280195869722,0.891653763034661,NaN,NaN
"1993-12-31",4.532235977160627,0.5115575193127775,NaN,NaN,NaN,NaN,4.518896554874254,4.513615438364111,NaN,NaN,0.5582698851228862,0.7604599385218513,0.6849203050555808,0.7374283407442839,0.5903115926442659,0.7016605276732868,0.7484223025216785,0.7737280195869722,NaN,NaN
"1994-03-31",4.5423742806521155,0.447121170646092,NaN,NaN,NaN,NaN,4.532235977160627,4.518896554874254,NaN,NaN,0.5115575193127775,0.5582698851228862,0.7604599385218513,0.6849203050555808,0.7374283407442839,0.5903115926442659,0.7016605276732868,0.7484223025216785,NaN,NaN
"1994-06-30",4.554219463132895,0.6689163617082272,NaN,NaN,NaN,NaN,4.5423742806521155,4.532235977160627,NaN,NaN,0.447121170646092,0.5115575193127775,0.5582698851228862,0.7604599385218513,0.6849203050555808,0.7374283407442839,0.5903115926442659,0.7016605276732868,NaN,NaN
"1994-09-30",4.559976547003481,0.5527324722714333,NaN,NaN,NaN,NaN,4.554219463132895,4.5423742806521155,NaN,NaN,0.6689163617082272,0.447121170646092,0.5115575193127775,0.5582698851228862,0.7604599385218513,0.6849203050555808,0.7374283407442839,0.5903115926442659,NaN,NaN
"1994-12-31",4.57168467975967,0.5070195968693625,NaN,NaN,NaN,NaN,4.559976547003481,4.554219463132895,NaN,NaN,0.5527324722714333,0.6689163617082272,0.447121170646092,0.5115575193127775,0.5582698851228862,0.7604599385218513,0.6849203050555808,0.7374283407442839,NaN,NaN
"1995-03-31",4.575709051061254,0.510896339034872,NaN,NaN,NaN,NaN,4.57168467975967,4.559976547003481,NaN,NaN,0.5070195968693625,0.5527324722714333,0.6689163617082272,0.447121170646092,0.5115575193127775,0.5582698851228862,0.7604599385218513,0.6849203050555808,NaN,NaN
"1995-06-30",4.577854021015588,0.5722953565792999,NaN,NaN,NaN,NaN,4.575709051061254,4.57168467975967,NaN,NaN,0.510896339034872,0.5070195968693625,0.5527324722714333,0.6689163617082272,0.447121170646092,0.5115575193127775,0.5582698851228862,0.7604599385218513,NaN,NaN
"1995-09-30",4.586466038178514,0.4659335060825498,NaN,NaN,NaN,NaN,4.577854021015588,4.575709051061254,NaN,NaN,0.5722953565792999,0.510896339034872,0.5070195968693625,0.5527324722714333,0.6689163617082272,0.447121170646092,0.5115575193127775,0.5582698851228862,NaN,NaN
"1995-12-31",4.593456256150462,0.5005282500200714,NaN,NaN,NaN,NaN,4.586466038178514,4.577854021015588,NaN,NaN,0.4659335060825498,0.5722953565792999,0.510896339034872,0.5070195968693625,0.5527324722714333,0.6689163617082272,0.447121170646092,0.5115575193127775,NaN,NaN
"1996-03-31",4.601401845666355,0.3983741507275873,NaN,NaN,NaN,NaN,4.593456256150462,4.586466038178514,NaN,NaN,0.5005282500200714,0.4659335060825498,0.5722953565792999,0.510896339034872,0.5070195968693625,0.5527324722714333,0.6689163617082272,0.447121170646092,NaN,NaN
"1996-06-30",4.61785339244644,0.46591365416173147,NaN,NaN,NaN,NaN,4.601401845666355,4.593456256150462,NaN,NaN,0.3983741507275873,0.5005282500200714,0.4659335060825498,0.5722953565792999,0.510896339034872,0.5070195968693625,0.5527324722714333,0.6689163617082272,NaN,NaN
"1996-09-30",4.625325369603155,0.4549991868290526,NaN,NaN,NaN,NaN,4.61785339244644,4.601401845666355,NaN,NaN,0.46591365416173147,0.3983741507275873,0.5005282500200714,0.4659335060825498,0.5722953565792999,0.510896339034872,0.5070195968693625,0.5527324722714333,NaN,NaN
"1996-12-31",4.635267077489875,0.5636768553753946,NaN,NaN,NaN,NaN,4.625325369603155,4.61785339244644,NaN,NaN,0.4549991868290526,0.46591365416173147,0.3983741507275873,0.5005282500200714,0.4659335060825498,0.5722953565792999,0.510896339034872,0.5070195968693625,NaN,NaN
"1997-03-31",4.645139087225316,0.39095759818970066,NaN,NaN,NaN,NaN,4.635267077489875,4.625325369603155,NaN,NaN,0.5636768553753946,0.4549991868290526,0.46591365416173147,0.3983741507275873,0.5005282500200714,0.4659335060825498,0.5722953565792999,0.510896339034872,NaN,NaN
"1997-06-30",4.657671081697482,0.5139811406549732,NaN,NaN,NaN,NaN,4.645139087225316,4.635267077489875,NaN,NaN,0.39095759818970066,0.5636768553753946,0.4549991868290526,0.46591365416173147,0.3983741507275873,0.5005282500200714,0.4659335060825498,0.5722953565792999,NaN,NaN
"1997-09-30",4.671644970742988,0.22526829367013335,NaN,NaN,NaN,NaN,4.657671081697482,4.645139087225316,NaN,NaN,0.5139811406549732,0.39095759818970066,0.5636768553753946,0.4549991868290526,0.46591365416173147,0.3983741507275873,0.5005282500200714,0.4659335060825498,NaN,NaN
"1997-12-31",4.6795679209804,0.31182886970571033,NaN,NaN,NaN,NaN,4.671644970742988,4.657671081697482,NaN,NaN,0.22526829367013335,0.5139811406549732,0.39095759818970066,0.5636768553753946,0.4549991868290526,0.46591365416173147,0.3983741507275873,0.5005282500200714,NaN,NaN
"1998-03-31",4.688273543819128,0.2766388936039199,NaN,NaN,NaN,NaN,4.6795679209804,4.671644970742988,NaN,NaN,0.31182886970571033,0.22526829367013335,0.5139811406549732,0.39095759818970066,0.5636768553753946,0.4549991868290526,0.46591365416173147,0.3983741507275873,NaN,NaN
"1998-06-30",4.6969888529611925,0.30269026674663024,NaN,NaN,NaN,NaN,4.688273543819128,4.6795679209804,NaN,NaN,0.2766388936039199,0.31182886970571033,0.22526829367013335,0.5139811406549732,0.39095759818970066,0.5636768553753946,0.4549991868290526,0.46591365416173147,NaN,NaN
"1998-09-30",4.710245265853368,0.3479364572875454,NaN,NaN,NaN,NaN,4.6969888529611925,4.688273543819128,NaN,NaN,0.30269026674663024,0.2766388936039199,0.31182886970571033,0.22526829367013335,0.5139811406549732,0.39095759818970066,0.5636768553753946,0.4549991868290526,NaN,NaN
"1998-12-31",4.726580162711653,0.30678404291188954,NaN,NaN,NaN,NaN,4.710245265853368,4.6969888529611925,NaN,NaN,0.3479364572875454,0.30269026674663024,0.2766388936039199,0.31182886970571033,0.22526829367013335,0.5139811406549732,0.39095759818970066,0.5636768553753946,NaN,NaN
"1999-03-31",4.736298589958335,0.3215359118687644,NaN,NaN,NaN,NaN,4.726580162711653,4.710245265853368,NaN,NaN,0.30678404291188954,0.3479364572875454,0.30269026674663024,0.2766388936039199,0.31182886970571033,0.22526829367013335,0.5139811406549732,0.39095759818970066,NaN,NaN
"1999-06-30",4.744767864362383,0.3096779778005043,NaN,NaN,NaN,NaN,4.736298589958335,4.726580162711653,NaN,NaN,0.3215359118687644,0.30678404291188954,0.3479364572875454,0.30269026674663024,0.2766388936039199,0.31182886970571033,0.22526829367013335,0.5139811406549732,NaN,NaN
"1999-09-30",4.757464122502518,0.342299503697685,NaN,NaN,NaN,NaN,4.744767864362383,4.736298589958335,NaN,NaN,0.3096779778005043,0.3215359118687644,0.30678404291188954,0.3479364572875454,0.30269026674663024,0.2766388936039199,0.31182886970571033,0.22526829367013335,NaN,NaN
"1999-12-31",4.77470474336853,0.45339073390167073,NaN,NaN,NaN,NaN,4.757464122502518,4.744767864362383,NaN,NaN,0.342299503697685,0.3096779778005043,0.3215359118687644,0.30678404291188954,0.3479364572875454,0.30269026674663024,0.2766388936039199,0.31182886970571033,NaN,NaN
"2000-03-31",4.779718226804248,0.5499162799446289,NaN,NaN,NaN,NaN,4.77470474336853,4.757464122502518,NaN,NaN,0.45339073390167073,0.342299503697685,0.3096779778005043,0.3215359118687644,0.30678404291188954,0.3479364572875454,0.30269026674663024,0.2766388936039199,NaN,NaN
"2000-06-30",4.8008019629364265,0.32708426686198777,NaN,NaN,NaN,NaN,4.779718226804248,4.77470474336853,NaN,NaN,0.5499162799446289,0.45339073390167073,0.342299503697685,0.3096779778005043,0.3215359118687644,0.30678404291188954,0.3479364572875454,0.30269026674663024,NaN,NaN
"2000-09-30",4.803911756867171,0.45565694504334786,NaN,NaN,NaN,NaN,4.8008019629364265,4.779718226804248,NaN,NaN,0.32708426686198777,0.5499162799446289,0.45339073390167073,0.342299503697685,0.3096779778005043,0.3215359118687644,0.30678404291188954,0.3479364572875454,NaN,NaN
"2000-12-31",4.810138666022932,0.4805526780938152,NaN,NaN,NaN,NaN,4.803911756867171,4.8008019629364265,NaN,NaN,0.45565694504334786,0.32708426686198777,0.5499162799446289,0.45339073390167073,0.342299503697685,0.3096779778005043,0.3215359118687644,0.30678404291188954,NaN,NaN
"2001-03-31",4.807905971120037,0.5645407219695642,NaN,NaN,NaN,NaN,4.810138666022932,4.803911756867171,NaN,NaN,0.4805526780938152,0.45565694504334786,0.32708426686198777,0.5499162799446289,0.45339073390167073,0.342299503697685,0.3096779778005043,0.3215359118687644,NaN,NaN
"2001-06-30",4.816344372403829,0.38853070454383243,NaN,NaN,NaN,NaN,4.807905971120037,4.810138666022932,NaN,NaN,0.5645407219695642,0.4805526780938152,0.45565694504334786,0.32708426686198777,0.5499162799446289,0.45339073390167073,0.342299503697685,0.3096779778005043,NaN,NaN
"2001-09-30",4.813595755553499,0.2852010512389924,NaN,NaN,NaN,NaN,4.816344372403829,4.807905971120037,NaN,NaN,0.38853070454383243,0.5645407219695642,0.4805526780938152,0.45565694504334786,0.32708426686198777,0.5499162799446289,0.45339073390167073,0.342299503697685,NaN,NaN
"2001-12-31",4.814318053372878,0.5069441267511188,NaN,NaN,NaN,NaN,4.813595755553499,4.816344372403829,NaN,NaN,0.2852010512389924,0.38853070454383243,0.5645407219695642,0.4805526780938152,0.45565694504334786,0.32708426686198777,0.5499162799446289,0.45339073390167073,NaN,NaN
"2002-03-31",4.823826570209816,0.28525111070827336,NaN,NaN,NaN,NaN,4.814318053372878,4.813595755553499,NaN,NaN,0.5069441267511188,0.2852010512389924,0.38853070454383243,0.5645407219695642,0.4805526780938152,0.45565694504334786,0.32708426686198777,0.5499162799446289,NaN,NaN
